{"cameraMode":{"drawMode":0,"name":"Shaded","section":"Shading Mode"},"sceneLighting":false,"audioPlay":false,"sceneViewState":{"m_AlwaysRefresh":false,"showFog":true,"showSkybox":false,"showFlares":true,"showImageEffects":true,"showParticleSystems":true,"showVisualEffectGraphs":true,"m_FxEnabled":true},"in2DMode":false,"pivot":{"x":-0.04094236344099045,"y":0.011291168630123139,"z":-0.17184987664222718},"rotation":{"x":-0.013879022561013699,"y":-0.9822938442230225,"z":0.1684245616197586,"w":-0.0809343159198761},"size":0.2762453258037567,"orthographic":false}