{"cameraMode":{"drawMode":0,"name":"Shaded","section":"Shading Mode"},"sceneLighting":false,"audioPlay":false,"sceneViewState":{"m_AlwaysRefresh":false,"showFog":true,"showSkybox":false,"showFlares":true,"showImageEffects":true,"showParticleSystems":true,"showVisualEffectGraphs":true,"m_FxEnabled":true},"in2DMode":false,"pivot":{"x":-0.007317662239074707,"y":0.00024163536727428436,"z":-0.06137988716363907},"rotation":{"x":0.14084111154079438,"y":-0.00031650776509195566,"z":0.00002882067929022014,"w":0.9900397062301636},"size":0.06240252032876015,"orthographic":false}