{"cameraMode":{"drawMode":0,"name":"Shaded","section":"Shading Mode"},"sceneLighting":false,"audioPlay":false,"sceneViewState":{"m_AlwaysRefresh":false,"showFog":true,"showSkybox":false,"showFlares":true,"showImageEffects":true,"showParticleSystems":true,"showVisualEffectGraphs":true,"m_FxEnabled":true},"in2DMode":false,"pivot":{"x":0.0007144808769226074,"y":0.0005809813737869263,"z":-0.004080042243003845},"rotation":{"x":0.19575205445289613,"y":0.6304346323013306,"z":-0.1685936152935028,"w":0.7319904565811157},"size":0.3971329629421234,"orthographic":false}