{"cameraMode":{"drawMode":0,"name":"Shaded","section":"Shading Mode"},"sceneLighting":false,"audioPlay":false,"sceneViewState":{"m_AlwaysRefresh":false,"showFog":true,"showSkybox":false,"showFlares":true,"showImageEffects":true,"showParticleSystems":true,"showVisualEffectGraphs":true,"m_FxEnabled":true},"in2DMode":false,"pivot":{"x":-0.10833022743463516,"y":0.4065322279930115,"z":-0.05251222848892212},"rotation":{"x":0.013808497227728367,"y":0.011680791154503823,"z":-0.00018613184511195868,"w":0.9998480677604675},"size":0.75860995054245,"orthographic":false}