{"cameraMode":{"drawMode":0,"name":"Shaded","section":"Shading Mode"},"sceneLighting":false,"audioPlay":false,"sceneViewState":{"m_AlwaysRefresh":false,"showFog":true,"showSkybox":false,"showFlares":true,"showImageEffects":true,"showParticleSystems":true,"showVisualEffectGraphs":true,"m_FxEnabled":true},"in2DMode":false,"pivot":{"x":0.03157902508974075,"y":0.19009944796562196,"z":-0.10603243857622147},"rotation":{"x":0.013808497227728367,"y":0.011680791154503823,"z":-0.00018613184511195868,"w":0.9998480677604675},"size":0.3101199269294739,"orthographic":false}