{"cameraMode":{"drawMode":0,"name":"Shaded","section":"Shading Mode"},"sceneLighting":false,"audioPlay":false,"sceneViewState":{"m_AlwaysRefresh":false,"showFog":true,"showSkybox":false,"showFlares":true,"showImageEffects":true,"showParticleSystems":true,"showVisualEffectGraphs":true,"m_FxEnabled":true},"in2DMode":false,"pivot":{"x":-0.03995605558156967,"y":-0.0071772485971450809,"z":0.00368686206638813},"rotation":{"x":-0.17144033312797547,"y":-0.07586390525102616,"z":0.013250963762402535,"w":-0.9821843504905701},"size":0.09629138559103012,"orthographic":false}