{
    "name": "root",
    "gauges": {
        "RecommendAsset.Policy.Entropy.mean": {
            "value": 0.017364997416734695,
            "min": 0.017364997416734695,
            "max": 0.017364997416734695,
            "count": 1
        },
        "RecommendAsset.Policy.Entropy.sum": {
            "value": 678.2767944335938,
            "min": 678.2767944335938,
            "max": 678.2767944335938,
            "count": 1
        },
        "RecommendAsset.Environment.EpisodeLength.mean": {
            "value": 4.528846153846154,
            "min": 4.528846153846154,
            "max": 4.528846153846154,
            "count": 1
        },
        "RecommendAsset.Environment.EpisodeLength.sum": {
            "value": 471.0,
            "min": 471.0,
            "max": 471.0,
            "count": 1
        },
        "RecommendAsset.Step.mean": {
            "value": 149953.0,
            "min": 149953.0,
            "max": 149953.0,
            "count": 1
        },
        "RecommendAsset.Step.sum": {
            "value": 149953.0,
            "min": 149953.0,
            "max": 149953.0,
            "count": 1
        },
        "RecommendAsset.Policy.ExtrinsicValueEstimate.mean": {
            "value": -35.2945556640625,
            "min": -35.2945556640625,
            "max": -35.2945556640625,
            "count": 1
        },
        "RecommendAsset.Policy.ExtrinsicValueEstimate.sum": {
            "value": -24670.89453125,
            "min": -24670.89453125,
            "max": -24670.89453125,
            "count": 1
        },
        "RecommendAsset.Environment.CumulativeReward.mean": {
            "value": -1.8413461928184216,
            "min": -1.8413461928184216,
            "max": -1.8413461928184216,
            "count": 1
        },
        "RecommendAsset.Environment.CumulativeReward.sum": {
            "value": -191.50000405311584,
            "min": -191.50000405311584,
            "max": -191.50000405311584,
            "count": 1
        },
        "RecommendAsset.Policy.ExtrinsicReward.mean": {
            "value": -1.8413461928184216,
            "min": -1.8413461928184216,
            "max": -1.8413461928184216,
            "count": 1
        },
        "RecommendAsset.Policy.ExtrinsicReward.sum": {
            "value": -191.50000405311584,
            "min": -191.50000405311584,
            "max": -191.50000405311584,
            "count": 1
        },
        "RecommendAsset.Losses.PolicyLoss.mean": {
            "value": 0.022928753707350955,
            "min": 0.022928753707350955,
            "max": 0.022928753707350955,
            "count": 1
        },
        "RecommendAsset.Losses.PolicyLoss.sum": {
            "value": 0.06878626112205287,
            "min": 0.06878626112205287,
            "max": 0.06878626112205287,
            "count": 1
        },
        "RecommendAsset.Losses.ValueLoss.mean": {
            "value": 727.5903982937335,
            "min": 727.5903982937335,
            "max": 727.5903982937335,
            "count": 1
        },
        "RecommendAsset.Losses.ValueLoss.sum": {
            "value": 2182.7711948812007,
            "min": 2182.7711948812007,
            "max": 2182.7711948812007,
            "count": 1
        },
        "RecommendAsset.Policy.LearningRate.mean": {
            "value": 0.000220857026381,
            "min": 0.000220857026381,
            "max": 0.000220857026381,
            "count": 1
        },
        "RecommendAsset.Policy.LearningRate.sum": {
            "value": 0.000662571079143,
            "min": 0.000662571079143,
            "max": 0.000662571079143,
            "count": 1
        },
        "RecommendAsset.Policy.Epsilon.mean": {
            "value": 0.17361900000000005,
            "min": 0.17361900000000005,
            "max": 0.17361900000000005,
            "count": 1
        },
        "RecommendAsset.Policy.Epsilon.sum": {
            "value": 0.5208570000000001,
            "min": 0.5208570000000001,
            "max": 0.5208570000000001,
            "count": 1
        },
        "RecommendAsset.Policy.Beta.mean": {
            "value": 0.0036835881000000007,
            "min": 0.0036835881000000007,
            "max": 0.0036835881000000007,
            "count": 1
        },
        "RecommendAsset.Policy.Beta.sum": {
            "value": 0.011050764300000002,
            "min": 0.011050764300000002,
            "max": 0.011050764300000002,
            "count": 1
        },
        "RecommendAsset.IsTraining.mean": {
            "value": 1.0,
            "min": 1.0,
            "max": 1.0,
            "count": 1
        },
        "RecommendAsset.IsTraining.sum": {
            "value": 1.0,
            "min": 1.0,
            "max": 1.0,
            "count": 1
        }
    },
    "metadata": {
        "timer_format_version": "0.1.0",
        "start_time_seconds": "1638031851",
        "python_version": "3.7.0 (v3.7.0:1bf9cc5093, Jun 27 2018, 04:59:51) [MSC v.1914 64 bit (AMD64)]",
        "command_line_arguments": "D:\\User Files\\Moje Projekty\\World Builder VR + RMS\\Menu Recommendation System\\Super Menu Recommendation System\\virtual-env\\Scripts\\mlagents-learn --run-id RecommendV1 --resume",
        "mlagents_version": "0.27.0",
        "mlagents_envs_version": "0.27.0",
        "communication_protocol_version": "1.5.0",
        "pytorch_version": "1.7.1+cu110",
        "numpy_version": "1.21.4",
        "end_time_seconds": "1638031919"
    },
    "total": 68.3059889,
    "count": 1,
    "self": 0.005666000000005056,
    "children": {
        "run_training.setup": {
            "total": 0.08484210000000003,
            "count": 1,
            "self": 0.08484210000000003
        },
        "TrainerController.start_learning": {
            "total": 68.2154808,
            "count": 1,
            "self": 0.07012720000004435,
            "children": {
                "TrainerController._reset_env": {
                    "total": 6.7339252,
                    "count": 1,
                    "self": 6.7339252
                },
                "TrainerController.advance": {
                    "total": 61.336802199999944,
                    "count": 3473,
                    "self": 0.065276899999958,
                    "children": {
                        "env_step": {
                            "total": 50.31813059999999,
                            "count": 3473,
                            "self": 40.7719348,
                            "children": {
                                "SubprocessEnvManager._take_step": {
                                    "total": 9.504965899999824,
                                    "count": 3473,
                                    "self": 0.19997569999977927,
                                    "children": {
                                        "TorchPolicy.evaluate": {
                                            "total": 9.304990200000045,
                                            "count": 3473,
                                            "self": 4.065589699999889,
                                            "children": {
                                                "TorchPolicy.sample_actions": {
                                                    "total": 5.239400500000156,
                                                    "count": 3473,
                                                    "self": 5.239400500000156
                                                }
                                            }
                                        }
                                    }
                                },
                                "workers": {
                                    "total": 0.04122990000017168,
                                    "count": 3472,
                                    "self": 0.0,