{"cameraMode":{"drawMode":0,"name":"Shaded","section":"Shading Mode"},"sceneLighting":false,"audioPlay":false,"sceneViewState":{"m_AlwaysRefresh":false,"showFog":true,"showSkybox":false,"showFlares":true,"showImageEffects":true,"showParticleSystems":true,"showVisualEffectGraphs":true,"m_FxEnabled":true},"in2DMode":false,"pivot":{"x":0.04522216320037842,"y":0.05259488523006439,"z":-7.450580596923828e-9},"rotation":{"x":-0.06474535912275315,"y":-0.024218199774622918,"z":0.0016164049739018083,"w":-0.997620701789856},"size":0.2916547954082489,"orthographic":false}