{"cameraMode":{"drawMode":0,"name":"Shaded","section":"Shading Mode"},"sceneLighting":false,"audioPlay":false,"sceneViewState":{"m_AlwaysRefresh":false,"showFog":true,"showSkybox":false,"showFlares":true,"showImageEffects":true,"showParticleSystems":true,"showVisualEffectGraphs":true,"m_FxEnabled":true},"in2DMode":false,"pivot":{"x":-0.000021375715732574463,"y":0.09500002861022949,"z":0.06032022461295128},"rotation":{"x":-0.0837940201163292,"y":0.09971100091934204,"z":-0.008378779515624047,"w":-0.9914669394493103},"size":0.12755440175533296,"orthographic":false}