{"cameraMode":{"drawMode":0,"name":"Shaded","section":"Shading Mode"},"sceneLighting":false,"audioPlay":false,"sceneViewState":{"m_AlwaysRefresh":false,"showFog":true,"showSkybox":false,"showFlares":true,"showImageEffects":true,"showParticleSystems":true,"showVisualEffectGraphs":true,"m_FxEnabled":true},"in2DMode":false,"pivot":{"x":-0.00008316338062286377,"y":0.12922094762325288,"z":0.010243549942970276},"rotation":{"x":-0.16152921319007874,"y":0.029021920636296274,"z":-0.004744853358715773,"w":-0.98643559217453},"size":0.2425660789012909,"orthographic":false}