{"cameraMode":{"drawMode":0,"name":"Shaded","section":"Shading Mode"},"sceneLighting":false,"audioPlay":false,"sceneViewState":{"m_AlwaysRefresh":false,"showFog":true,"showSkybox":false,"showFlares":true,"showImageEffects":true,"showParticleSystems":true,"showVisualEffectGraphs":true,"m_FxEnabled":true},"in2DMode":false,"pivot":{"x":-0.010317407548427582,"y":0.10858295857906342,"z":0.013346023857593537},"rotation":{"x":-0.09970755130052567,"y":0.2158617079257965,"z":-0.022128954529762269,"w":-0.9710881114006043},"size":0.1315273642539978,"orthographic":false}